latitude,longitude,value,clase_real,clase_pred
-8789850.0,184950.0,203.4,0,0
-8784900.0,174600.0,198.3,0,0
-8775000.0,164700.0,203.1,0,0
-8775000.0,169650.0,199.1,0,0
-8775000.0,174600.0,196.3,0,0
-8775000.0,194850.0,201.7,0,0
-8769600.0,164700.0,199.4,0,0
-8769600.0,174600.0,196.3,0,0
-8769600.0,184950.0,196.4,0,0
-8769600.0,189900.0,196.7,0,0
-8769600.0,194850.0,198.5,0,0
-8764650.0,154800.0,198.2,0,0
-8764650.0,164700.0,198.3,0,0
-8764650.0,169650.0,197.7,0,0
-8764650.0,174600.0,196.5,0,0
-8764650.0,184950.0,195.8,0,0
-8764650.0,189900.0,195.0,0,0
-8764650.0,194850.0,197.0,0,0
-8759700.0,154800.0,197.6,0,0
-8759700.0,159750.0,197.9,0,0
-8759700.0,164700.0,198.1,0,0
-8759700.0,169650.0,197.3,0,0
-8759700.0,174600.0,196.7,0,0
-8759700.0,184950.0,195.4,0,0
-8759700.0,189900.0,194.7,0,0
-8759700.0,244800.0,197.8,0,0
-8754750.0,154800.0,197.3,0,0
-8754750.0,159750.0,197.7,0,0
-8754750.0,164700.0,197.6,0,0
-8754750.0,169650.0,196.4,0,0
-8754750.0,174600.0,196.6,0,0
-8754750.0,184950.0,195.4,0,0
-8754750.0,189900.0,194.6,0,0
-8754750.0,194850.0,196.7,0,0
-8754750.0,225000.0,197.5,0,0
-8754750.0,249750.0,196.6,0,0
-8744850.0,139950.0,195.0,0,0
-8744850.0,159750.0,196.7,0,0
-8744850.0,164700.0,197.3,0,0
-8744850.0,169650.0,196.7,0,0
-8744850.0,174600.0,196.3,0,0
-8744850.0,184950.0,195.7,0,0
-8744850.0,189900.0,195.0,0,0
-8744850.0,219600.0,196.9,0,0
-8744850.0,225000.0,194.9,0,0
-8744850.0,229950.0,194.0,0,0
-8744850.0,234900.0,193.2,0,0
-8744850.0,249750.0,194.2,0,0
-8744850.0,254700.0,196.0,0,0
-8744850.0,259650.0,198.2,0,0
-8739900.0,135000.0,194.3,0,0
-8739900.0,139950.0,195.2,0,0
-8739900.0,144900.0,195.5,0,0
-8739900.0,154800.0,196.3,0,0
-8739900.0,169650.0,196.8,0,0
-8739900.0,184950.0,195.7,0,0
-8739900.0,189900.0,195.7,0,0
-8739900.0,199800.0,202.7,0,0
-8739900.0,214650.0,199.0,0,0
-8739900.0,219600.0,196.2,0,0
-8739900.0,234900.0,193.1,0,0
-8739900.0,249750.0,192.9,0,0
-8739900.0,254700.0,194.0,0,0
-8739900.0,259650.0,195.1,0,0
-8739900.0,264600.0,197.9,0,0
-8734950.0,129600.0,193.1,0,0
-8734950.0,154800.0,195.9,0,0
-8734950.0,174600.0,196.8,0,0
-8734950.0,189900.0,196.7,0,0
-8734950.0,194850.0,197.7,0,0
-8734950.0,199800.0,199.8,0,0
-8734950.0,204750.0,199.1,0,0
-8734950.0,219600.0,196.8,0,0
-8734950.0,234900.0,194.2,0,0
-8734950.0,249750.0,193.7,0,0
-8734950.0,274950.0,198.2,0,0
-8734950.0,279900.0,201.7,0,0
-8730000.0,129600.0,192.5,0,0
-8730000.0,144900.0,194.3,0,0
-8730000.0,159750.0,195.1,0,0
-8730000.0,184950.0,197.0,0,0
-8730000.0,194850.0,197.9,0,0
-8730000.0,219600.0,196.2,0,0
-8730000.0,225000.0,195.8,0,0
-8730000.0,249750.0,194.2,0,0
-8730000.0,254700.0,194.2,0,0
-8730000.0,274950.0,195.9,0,0
-8724600.0,124650.0,191.2,0,0
-8724600.0,129600.0,193.1,0,0
-8724600.0,144900.0,193.3,0,0
-8724600.0,164700.0,196.3,0,0
-8724600.0,194850.0,198.1,0,0
-8724600.0,214650.0,197.2,0,0
-8724600.0,229950.0,194.0,0,0
-8724600.0,234900.0,196.1,0,0
-8724600.0,249750.0,194.6,0,0
-8724600.0,264600.0,193.9,0,0
-8724600.0,279900.0,198.3,0,0
-8714700.0,114750.0,194.7,0,0
-8714700.0,124650.0,192.2,0,0
-8714700.0,129600.0,191.6,0,0
-8714700.0,139950.0,192.0,0,0
-8714700.0,144900.0,192.9,0,0
-8714700.0,154800.0,193.4,0,0
-8714700.0,164700.0,195.2,0,0
-8714700.0,189900.0,198.8,0,0
-8714700.0,199800.0,197.9,0,0
-8714700.0,204750.0,197.0,0,0
-8714700.0,234900.0,196.2,0,0
-8714700.0,264600.0,195.4,0,0
-8714700.0,279900.0,199.2,0,0
-8709750.0,114750.0,197.6,0,0
-8709750.0,124650.0,193.0,0,0
-8709750.0,129600.0,192.1,0,0
-8709750.0,159750.0,193.8,0,0
-8709750.0,189900.0,198.9,0,0
-8709750.0,194850.0,198.8,0,0
-8709750.0,199800.0,198.8,0,0
-8709750.0,204750.0,197.5,0,0
-8709750.0,214650.0,197.3,0,0
-8709750.0,229950.0,196.3,0,0
-8709750.0,234900.0,195.9,0,0
-8709750.0,254700.0,194.7,0,0
-8709750.0,274950.0,198.8,0,0
-8704800.0,104850.0,211.8,1,0
-8704800.0,109800.0,207.4,0,0
-8704800.0,114750.0,202.0,0,0
-8704800.0,124650.0,197.1,0,0
-8704800.0,129600.0,195.1,0,0
-8704800.0,139950.0,193.3,0,0
-8704800.0,154800.0,193.0,0,0
-8704800.0,159750.0,192.7,0,0
-8704800.0,164700.0,194.3,0,0
-8704800.0,169650.0,195.8,0,0
-8704800.0,174600.0,197.5,0,0
-8704800.0,189900.0,198.3,0,0
-8704800.0,194850.0,198.7,0,0
-8704800.0,199800.0,198.9,0,0
-8704800.0,204750.0,197.9,0,0
-8704800.0,219600.0,198.0,0,0
-8704800.0,225000.0,197.6,0,0
-8704800.0,229950.0,197.1,0,0
-8704800.0,244800.0,196.7,0,0
-8704800.0,264600.0,196.6,0,0
-8704800.0,274950.0,197.8,0,0
-8704800.0,279900.0,200.4,0,0
-8699850.0,109800.0,213.6,1,1
-8699850.0,135000.0,199.7,0,0
-8699850.0,139950.0,196.3,0,0
-8699850.0,144900.0,193.2,0,0
-8699850.0,159750.0,192.9,0,0
-8699850.0,184950.0,198.0,0,0
-8699850.0,189900.0,197.7,0,0
-8699850.0,194850.0,198.1,0,0
-8699850.0,199800.0,198.4,0,0
-8699850.0,219600.0,198.2,0,0
-8699850.0,225000.0,198.4,0,0
-8699850.0,234900.0,197.7,0,0
-8699850.0,249750.0,197.3,0,0
-8699850.0,294750.0,206.9,0,0
-8694900.0,135000.0,204.3,0,0
-8694900.0,139950.0,199.9,0,0
-8694900.0,144900.0,195.9,0,0
-8694900.0,174600.0,196.3,0,0
-8694900.0,184950.0,197.3,0,0
-8694900.0,189900.0,196.8,0,0
-8694900.0,204750.0,198.1,0,0
-8694900.0,214650.0,198.1,0,0
-8694900.0,225000.0,198.5,0,0
-8694900.0,229950.0,198.6,0,0
-8694900.0,234900.0,198.4,0,0
-8694900.0,244800.0,198.8,0,0
-8694900.0,274950.0,196.6,0,0
-8685000.0,109800.0,215.8,1,2
-8685000.0,114750.0,215.0,1,0
-8685000.0,139950.0,210.3,1,0
-8685000.0,154800.0,192.7,0,0
-8685000.0,159750.0,192.2,0,0
-8685000.0,184950.0,196.1,0,0
-8685000.0,189900.0,195.6,0,0
-8685000.0,199800.0,196.5,0,0
-8685000.0,214650.0,198.2,0,0
-8685000.0,225000.0,198.7,0,0
-8685000.0,259650.0,198.6,0,0
-8685000.0,264600.0,198.4,0,0
-8685000.0,284850.0,200.8,0,0
-8685000.0,289800.0,205.5,0,0
-8679600.0,99900.0,229.0,2,2
-8679600.0,109800.0,222.0,1,1
-8679600.0,114750.0,219.4,1,1
-8679600.0,164700.0,193.0,0,0
-8679600.0,169650.0,193.8,0,0
-8679600.0,174600.0,194.6,0,0
-8679600.0,184950.0,194.5,0,0
-8679600.0,189900.0,194.2,0,0
-8679600.0,199800.0,195.7,0,0
-8679600.0,219600.0,197.7,0,0
-8679600.0,254700.0,199.1,0,0
-8679600.0,264600.0,198.5,0,0
-8679600.0,279900.0,199.3,0,0
-8679600.0,289800.0,204.8,0,0
-8674650.0,104850.0,234.5,2,2
-8674650.0,124650.0,217.6,1,1
-8674650.0,129600.0,215.1,1,1
-8674650.0,135000.0,221.0,1,1
-8674650.0,144900.0,201.7,0,0
-8674650.0,174600.0,193.3,0,0
-8674650.0,184950.0,192.9,0,0
-8674650.0,189900.0,191.7,0,0
-8674650.0,199800.0,194.8,0,0
-8674650.0,219600.0,197.1,0,0
-8674650.0,225000.0,197.8,0,0
-8674650.0,229950.0,197.9,0,0
-8674650.0,249750.0,199.2,0,0
-8674650.0,254700.0,199.3,0,0
-8674650.0,274950.0,199.1,0,0
-8669700.0,124650.0,226.5,1,2
-8669700.0,129600.0,221.0,1,2
-8669700.0,135000.0,216.2,1,1
-8669700.0,139950.0,209.0,1,0
-8669700.0,144900.0,201.9,0,0
-8669700.0,154800.0,200.5,0,0
-8669700.0,194850.0,191.9,0,0
-8669700.0,225000.0,196.6,0,0
-8669700.0,244800.0,198.4,0,0
-8669700.0,249750.0,199.0,0,0
-8669700.0,259650.0,199.7,0,0
-8669700.0,274950.0,199.4,0,0
-8664750.0,94950.0,234.9,2,2
-8664750.0,129600.0,228.5,2,2
-8664750.0,135000.0,218.6,1,1
-8664750.0,154800.0,193.9,0,0
-8664750.0,159750.0,192.1,0,0
-8664750.0,164700.0,192.5,0,0
-8664750.0,169650.0,190.9,0,0
-8664750.0,225000.0,195.4,0,0
-8664750.0,229950.0,196.5,0,0
-8664750.0,234900.0,197.8,0,0
-8664750.0,249750.0,198.8,0,0
-8654850.0,94950.0,238.0,2,2
-8654850.0,99900.0,235.1,2,2
-8654850.0,124650.0,235.6,2,2
-8654850.0,135000.0,224.4,1,2
-8654850.0,164700.0,195.0,0,0
-8654850.0,184950.0,188.5,0,0
-8654850.0,189900.0,188.8,0,0
-8654850.0,194850.0,191.9,0,0
-8654850.0,199800.0,195.0,0,0
-8654850.0,219600.0,195.1,0,0
-8654850.0,225000.0,195.8,0,0
-8654850.0,229950.0,196.4,0,0
-8654850.0,244800.0,197.5,0,0
-8649900.0,84600.0,239.9,2,2
-8649900.0,104850.0,236.3,2,2
-8649900.0,109800.0,238.0,2,2
-8649900.0,135000.0,224.4,1,2
-8649900.0,144900.0,211.6,1,1
-8649900.0,159750.0,202.7,0,0
-8649900.0,189900.0,189.7,0,0
-8649900.0,204750.0,197.5,0,0
-8649900.0,225000.0,194.1,0,0
-8649900.0,229950.0,195.0,0,0
-8649900.0,244800.0,196.9,0,0
-8644950.0,79650.0,243.4,2,2
-8644950.0,94950.0,241.2,2,2
-8644950.0,99900.0,242.1,2,2
-8644950.0,104850.0,240.6,2,2
-8644950.0,114750.0,238.0,2,2
-8644950.0,129600.0,237.4,2,2
-8644950.0,135000.0,235.8,2,1
-8644950.0,159750.0,212.0,1,1
-8644950.0,164700.0,210.8,1,0
-8644950.0,169650.0,214.0,1,1
-8644950.0,184950.0,201.4,0,0
-8644950.0,189900.0,196.6,0,0
-8644950.0,194850.0,195.3,0,0
-8644950.0,199800.0,198.2,0,0
-8644950.0,214650.0,199.5,0,0
-8644950.0,234900.0,194.6,0,0
-8644950.0,244800.0,195.0,0,0
-8640000.0,84600.0,240.7,2,2
-8640000.0,99900.0,236.7,2,2
-8640000.0,104850.0,240.2,2,2
-8640000.0,109800.0,243.1,2,2
-8640000.0,114750.0,240.1,2,2
-8640000.0,124650.0,246.8,2,2
-8640000.0,129600.0,242.5,2,2
-8640000.0,135000.0,235.1,2,2
-8640000.0,144900.0,232.6,2,2
-8640000.0,154800.0,234.8,2,2
-8640000.0,164700.0,227.8,2,2
-8640000.0,174600.0,225.1,1,2
-8640000.0,189900.0,203.2,0,1
-8640000.0,194850.0,201.3,0,0
-8640000.0,199800.0,200.8,0,0
-8640000.0,214650.0,199.0,0,0
-8640000.0,219600.0,199.8,0,0
-8634600.0,74700.0,232.1,2,2
-8634600.0,94950.0,233.3,2,2
-8634600.0,99900.0,232.0,2,2
-8634600.0,109800.0,247.3,2,2
-8634600.0,114750.0,242.5,2,2
-8634600.0,124650.0,243.7,2,2
-8634600.0,139950.0,237.4,2,2
-8634600.0,144900.0,231.6,2,1
-8634600.0,159750.0,231.7,2,1
-8634600.0,174600.0,230.9,2,2
-8634600.0,184950.0,222.9,1,1
-8634600.0,194850.0,204.3,0,0
-8634600.0,219600.0,199.4,0,0
-8634600.0,225000.0,205.7,0,0
-8634600.0,244800.0,200.1,0,0
-8624700.0,64800.0,223.5,1,1
-8624700.0,79650.0,229.4,2,2
-8624700.0,94950.0,232.3,2,2
-8624700.0,99900.0,231.7,2,2
-8624700.0,104850.0,241.6,2,2
-8624700.0,114750.0,240.6,2,2
-8624700.0,124650.0,239.2,2,2
-8624700.0,129600.0,229.2,2,2
-8624700.0,135000.0,224.1,1,2
-8624700.0,144900.0,225.8,1,1
-8624700.0,154800.0,228.0,2,1
-8624700.0,164700.0,227.3,1,1
-8624700.0,174600.0,223.4,1,0
-8624700.0,189900.0,208.0,0,1
-8624700.0,225000.0,208.9,1,0
-8624700.0,234900.0,214.0,1,0
-8619750.0,45000.0,216.4,1,1
-8619750.0,69750.0,223.9,1,2
-8619750.0,74700.0,221.9,1,2
-8619750.0,99900.0,234.7,2,2
-8619750.0,104850.0,233.3,2,2
-8619750.0,109800.0,227.0,1,2
-8619750.0,114750.0,228.7,2,2
-8619750.0,124650.0,225.4,1,2
-8619750.0,129600.0,222.3,1,2
-8619750.0,135000.0,224.5,1,2
-8619750.0,139950.0,222.9,1,2
-8619750.0,154800.0,222.5,1,1
-8619750.0,169650.0,220.8,1,1
-8619750.0,184950.0,212.7,1,2
-8619750.0,189900.0,206.7,0,2
-8619750.0,199800.0,201.5,0,1
-8619750.0,219600.0,204.3,0,1
-8619750.0,234900.0,216.1,1,0
-8614800.0,49950.0,206.9,0,1
-8614800.0,54900.0,219.8,1,1
-8614800.0,74700.0,228.0,2,2
-8614800.0,79650.0,224.0,1,1
-8614800.0,84600.0,229.3,2,1
-8614800.0,94950.0,233.5,2,2
-8614800.0,109800.0,227.9,2,2
-8614800.0,114750.0,225.7,1,2
-8614800.0,124650.0,237.1,2,2
-8614800.0,129600.0,237.9,2,2
-8614800.0,139950.0,229.6,2,2
-8614800.0,144900.0,234.8,2,2
-8614800.0,159750.0,236.0,2,2
-8614800.0,174600.0,229.6,2,0
-8614800.0,194850.0,215.6,1,2
-8614800.0,199800.0,209.0,1,1
-8609850.0,129600.0,241.1,2,2
-8609850.0,135000.0,244.1,2,2
-8609850.0,139950.0,235.5,2,2
-8609850.0,144900.0,234.1,2,2
-8609850.0,154800.0,237.9,2,2
-8609850.0,169650.0,236.5,2,2
-8609850.0,174600.0,230.1,2,1
-8609850.0,184950.0,228.4,2,0
-8604900.0,49950.0,196.6,0,0
-8604900.0,79650.0,212.4,1,1
-8604900.0,84600.0,206.2,0,1
-8604900.0,114750.0,239.7,2,2
-8604900.0,124650.0,236.8,2,2
-8604900.0,144900.0,229.2,2,2
-8604900.0,169650.0,234.5,2,1
-8604900.0,214650.0,231.9,2,2
-8604900.0,219600.0,237.2,2,2
-8604900.0,225000.0,239.3,2,1
-8604900.0,234900.0,244.5,2,2
-8595000.0,54900.0,193.1,0,0
-8595000.0,64800.0,198.6,0,0
-8595000.0,84600.0,214.7,1,1
-8595000.0,109800.0,239.3,2,2
-8595000.0,114750.0,236.7,2,2
-8595000.0,169650.0,229.4,2,1
-8595000.0,174600.0,224.9,1,2
-8589600.0,49950.0,192.6,0,0
-8589600.0,69750.0,199.3,0,0
-8589600.0,99900.0,235.0,2,2
-8589600.0,114750.0,229.3,2,2
-8589600.0,129600.0,232.3,2,2
-8589600.0,135000.0,235.8,2,2
-8589600.0,144900.0,241.7,2,2
-8589600.0,154800.0,239.9,2,1
-8589600.0,159750.0,232.8,2,2
-8589600.0,164700.0,242.1,2,2
-8589600.0,169650.0,234.7,2,2
-8584650.0,45000.0,195.9,0,0
-8584650.0,74700.0,196.6,0,0
-8584650.0,79650.0,199.9,0,0
-8584650.0,94950.0,212.0,1,2
-8584650.0,109800.0,228.5,2,1
-8584650.0,124650.0,224.6,1,2
-8584650.0,129600.0,232.7,2,2
-8584650.0,139950.0,239.0,2,2
-8584650.0,154800.0,234.4,2,2
-8584650.0,159750.0,230.5,2,2
-8584650.0,164700.0,238.1,2,2
-8584650.0,169650.0,233.7,2,2
-8584650.0,174600.0,225.4,1,2
-8579700.0,139950.0,237.4,2,2
-8579700.0,154800.0,236.0,2,2
-8579700.0,159750.0,230.6,2,1
-8579700.0,169650.0,234.4,2,2
-8579700.0,174600.0,225.7,1,2
-8579700.0,184950.0,226.1,1,2
-8574750.0,154800.0,232.8,2,2
-8574750.0,159750.0,229.3,2,2
-8574750.0,164700.0,232.4,2,2
-8574750.0,169650.0,235.0,2,2
-8574750.0,174600.0,233.5,2,2
-8574750.0,184950.0,229.3,2,2
-8574750.0,189900.0,230.2,2,2
-8564850.0,144900.0,233.4,2,2
-8564850.0,164700.0,232.9,2,2
-8564850.0,174600.0,233.9,2,2
-8559900.0,144900.0,234.6,2,2
-8559900.0,154800.0,237.5,2,2
-8559900.0,169650.0,236.1,2,2
-8559900.0,174600.0,234.4,2,2
-8554950.0,154800.0,221.4,1,0
-8554950.0,169650.0,237.6,2,2
